Keyword name,Canonical keyword,Driver method,Device-facing,Transport type,Protocol vector,Callability tested,Outbound verified,Raw response verified,Parsed result verified,Protocol error tested,Recovery tested,Result,Evidence,Reason
Connect To N6700,Connect To N6700,connect_to_n6700,True,scpi,N6775A-CONNECT_TO_N6700,Yes,FAIL,N/A,FAIL,N/A,N/A,FAIL,protocol_trace.jsonl,
Connect To Simulated N6700,Connect To Simulated N6700,connect_to_simulated_n6700,True,N/A,,No,N/A,N/A,N/A,N/A,N/A,EXCLUDED,tests/conformance/data/exclusions.yaml,Real N6775A profile; simulator connection is not a physical-module command.
Connect To N6700 Via VISA,Connect To N6700 Via VISA,connect_to_n6700_via_visa,True,N/A,,No,N/A,N/A,N/A,N/A,N/A,EXCLUDED,tests/conformance/data/exclusions.yaml,The self-check uses the canonical Connect To N6700 keyword so audit tracing and one profile work for VISA or Ethernet.
Connect To N6700 Via USB,Connect To N6700 Via USB,connect_to_n6700_via_usb,True,usb_visa_scpi,N6775A-CONNECT_TO_N6700_VIA_USB,Yes,FAIL,N/A,FAIL,N/A,N/A,FAIL,protocol_trace.jsonl,
Connect To N6700 Via Ethernet,Connect To N6700 Via Ethernet,connect_to_n6700_via_ethernet,True,N/A,,No,N/A,N/A,N/A,N/A,N/A,EXCLUDED,tests/conformance/data/exclusions.yaml,The self-check uses the canonical Connect To N6700 keyword so audit tracing and one profile work for VISA or Ethernet.
Select N6700,Select N6700,select_n6700,False,library-local,N6775A-SELECT_N6700,Yes,FAIL,N/A,FAIL,N/A,N/A,FAIL,protocol_trace.jsonl,
Get Current N6700 Alias,Get Current N6700 Alias,get_current_n6700_alias,False,library-local,N6775A-GET_CURRENT_N6700_ALIAS,Yes,FAIL,N/A,FAIL,N/A,N/A,FAIL,protocol_trace.jsonl,
Get Connected N6700 Aliases,Get Connected N6700 Aliases,get_connected_n6700_aliases,False,library-local,N6775A-GET_CONNECTED_N6700_ALIASES,Yes,FAIL,N/A,FAIL,N/A,N/A,FAIL,protocol_trace.jsonl,
Disconnect N6700,Disconnect N6700,disconnect_n6700,True,scpi,N6775A-DISCONNECT_N6700,Yes,FAIL,N/A,FAIL,N/A,N/A,FAIL,protocol_trace.jsonl,
Disconnect All N6700,Disconnect All N6700,disconnect_all_n6700,True,scpi,N6775A-DISCONNECT_ALL_N6700,Yes,FAIL,N/A,FAIL,N/A,N/A,FAIL,protocol_trace.jsonl,
Get N6700 Identity,Get N6700 Identity,get_n6700_identity,True,scpi,N6775A-GET_N6700_IDENTITY,Yes,FAIL,N/A,FAIL,N/A,N/A,FAIL,protocol_trace.jsonl,
Get N6700 Channel Count,Get N6700 Channel Count,get_n6700_channel_count,True,scpi,N6775A-GET_N6700_CHANNEL_COUNT,Yes,FAIL,N/A,FAIL,N/A,N/A,FAIL,protocol_trace.jsonl,
Discover N6700 Modules,Discover N6700 Modules,discover_n6700_modules,True,scpi,N6775A-DISCOVER_N6700_MODULES,Yes,FAIL,N/A,FAIL,N/A,N/A,FAIL,protocol_trace.jsonl,
Get N6700 Channel Information,Get N6700 Channel Information,get_n6700_channel_information,True,scpi,N6775A-GET_N6700_CHANNEL_INFORMATION,Yes,FAIL,N/A,FAIL,N/A,N/A,FAIL,protocol_trace.jsonl,
Write N6700 SCPI,Write N6700 SCPI,write_n6700_scpi,True,scpi,N6775A-WRITE_N6700_SCPI,Yes,FAIL,N/A,FAIL,N/A,N/A,FAIL,protocol_trace.jsonl,
Query N6700 SCPI,Query N6700 SCPI,query_n6700_scpi,True,scpi,N6775A-QUERY_N6700_SCPI,Yes,FAIL,N/A,FAIL,N/A,N/A,FAIL,protocol_trace.jsonl,
Clear N6700 Status,Clear N6700 Status,clear_n6700_status,True,scpi,N6775A-CLEAR_N6700_STATUS,Yes,FAIL,N/A,FAIL,N/A,N/A,FAIL,protocol_trace.jsonl,
Reset N6700,Reset N6700,reset_n6700,True,scpi,N6775A-RESET_N6700,Yes,FAIL,N/A,FAIL,N/A,N/A,FAIL,protocol_trace.jsonl,
Run N6700 Self Test,Run N6700 Self Test,run_n6700_self_test,True,scpi,N6775A-RUN_N6700_SELF_TEST,Yes,FAIL,N/A,FAIL,N/A,N/A,FAIL,protocol_trace.jsonl,
Check N6700 Errors,Check N6700 Errors,check_n6700_errors,True,scpi,N6775A-CHECK_N6700_ERRORS,Yes,FAIL,N/A,FAIL,N/A,N/A,FAIL,protocol_trace.jsonl,
Drain N6700 Errors,Drain N6700 Errors,drain_n6700_errors,True,scpi,N6775A-DRAIN_N6700_ERRORS,Yes,FAIL,N/A,FAIL,N/A,N/A,FAIL,protocol_trace.jsonl,
Set N6700 Voltage,Set N6700 Voltage,set_n6700_voltage,True,scpi,N6775A-SET_N6700_VOLTAGE,Yes,FAIL,N/A,FAIL,N/A,N/A,FAIL,protocol_trace.jsonl,
Get N6700 Voltage Setpoint,Get N6700 Voltage Setpoint,get_n6700_voltage_setpoint,True,scpi,N6775A-GET_N6700_VOLTAGE_SETPOINT,Yes,FAIL,N/A,FAIL,N/A,N/A,FAIL,protocol_trace.jsonl,
Set N6700 Current Limit,Set N6700 Current Limit,set_n6700_current_limit,True,scpi,N6775A-SET_N6700_CURRENT_LIMIT,Yes,FAIL,N/A,FAIL,N/A,N/A,FAIL,protocol_trace.jsonl,
Get N6700 Current Limit,Get N6700 Current Limit,get_n6700_current_limit,True,scpi,N6775A-GET_N6700_CURRENT_LIMIT,Yes,FAIL,N/A,FAIL,N/A,N/A,FAIL,protocol_trace.jsonl,
Configure N6700 Power Supply Channel,Configure N6700 Power Supply Channel,configure_n6700_power_supply_channel,True,scpi,N6775A-CONFIGURE_N6700_POWER_SUPPLY_CHANNEL,Yes,FAIL,N/A,FAIL,N/A,N/A,FAIL,protocol_trace.jsonl,
Set N6700 Output,Set N6700 Output,set_n6700_output,True,scpi,N6775A-SET_N6700_OUTPUT,Yes,FAIL,N/A,FAIL,N/A,N/A,FAIL,protocol_trace.jsonl,
Turn On N6700 Output,Turn On N6700 Output,turn_on_n6700_output,True,scpi,N6775A-TURN_ON_N6700_OUTPUT,Yes,FAIL,N/A,FAIL,N/A,N/A,FAIL,protocol_trace.jsonl,
Turn Off N6700 Output,Turn Off N6700 Output,turn_off_n6700_output,True,scpi,N6775A-TURN_OFF_N6700_OUTPUT,Yes,FAIL,N/A,FAIL,N/A,N/A,FAIL,protocol_trace.jsonl,
Get N6700 Output State,Get N6700 Output State,get_n6700_output_state,True,scpi,N6775A-GET_N6700_OUTPUT_STATE,Yes,FAIL,N/A,FAIL,N/A,N/A,FAIL,protocol_trace.jsonl,
Set N6700 Outputs,Set N6700 Outputs,set_n6700_outputs,True,scpi,N6775A-SET_N6700_OUTPUTS,Yes,FAIL,N/A,FAIL,N/A,N/A,FAIL,protocol_trace.jsonl,
Set N6700 Over Voltage Protection,Set N6700 Over Voltage Protection,set_n6700_over_voltage_protection,True,scpi,N6775A-SET_N6700_OVER_VOLTAGE_PROTECTION,Yes,FAIL,N/A,FAIL,N/A,N/A,FAIL,protocol_trace.jsonl,
Get N6700 Over Voltage Protection,Get N6700 Over Voltage Protection,get_n6700_over_voltage_protection,True,scpi,N6775A-GET_N6700_OVER_VOLTAGE_PROTECTION,Yes,FAIL,N/A,FAIL,N/A,N/A,FAIL,protocol_trace.jsonl,
Set N6700 Over Current Protection,Set N6700 Over Current Protection,set_n6700_over_current_protection,True,scpi,N6775A-SET_N6700_OVER_CURRENT_PROTECTION,Yes,FAIL,N/A,FAIL,N/A,N/A,FAIL,protocol_trace.jsonl,
Get N6700 Over Current Protection,Get N6700 Over Current Protection,get_n6700_over_current_protection,True,scpi,N6775A-GET_N6700_OVER_CURRENT_PROTECTION,Yes,FAIL,N/A,FAIL,N/A,N/A,FAIL,protocol_trace.jsonl,
Measure N6700 Voltage,Measure N6700 Voltage,measure_n6700_voltage,True,scpi,N6775A-MEASURE_N6700_VOLTAGE,Yes,FAIL,N/A,FAIL,N/A,N/A,FAIL,protocol_trace.jsonl,
Measure N6700 Current,Measure N6700 Current,measure_n6700_current,True,scpi,N6775A-MEASURE_N6700_CURRENT,Yes,FAIL,N/A,FAIL,N/A,N/A,FAIL,protocol_trace.jsonl,
Measure N6700 Power,Measure N6700 Power,measure_n6700_power,True,scpi,N6775A-MEASURE_N6700_POWER,Yes,FAIL,N/A,FAIL,N/A,N/A,FAIL,protocol_trace.jsonl,
Measure N6700 Channel,Measure N6700 Channel,measure_n6700_channel,True,scpi,N6775A-MEASURE_N6700_CHANNEL,Yes,FAIL,N/A,FAIL,N/A,N/A,FAIL,protocol_trace.jsonl,
Measure All N6700 Channels,Measure All N6700 Channels,measure_all_n6700_channels,True,scpi,N6775A-MEASURE_ALL_N6700_CHANNELS,Yes,FAIL,N/A,FAIL,N/A,N/A,FAIL,protocol_trace.jsonl,
N6700 Voltage Should Be,N6700 Voltage Should Be,n6700_voltage_should_be,True,scpi,N6775A-N6700_VOLTAGE_SHOULD_BE,Yes,FAIL,N/A,FAIL,N/A,N/A,FAIL,protocol_trace.jsonl,
N6700 Current Should Be,N6700 Current Should Be,n6700_current_should_be,True,scpi,N6775A-N6700_CURRENT_SHOULD_BE,Yes,FAIL,N/A,FAIL,N/A,N/A,FAIL,protocol_trace.jsonl,
N6700 Power Should Be,N6700 Power Should Be,n6700_power_should_be,True,scpi,N6775A-N6700_POWER_SHOULD_BE,Yes,FAIL,N/A,FAIL,N/A,N/A,FAIL,protocol_trace.jsonl,
N6700 Output Should Be,N6700 Output Should Be,n6700_output_should_be,True,scpi,N6775A-N6700_OUTPUT_SHOULD_BE,Yes,FAIL,N/A,FAIL,N/A,N/A,FAIL,protocol_trace.jsonl,
Wait Until N6700 Voltage Is In Range,Wait Until N6700 Voltage Is In Range,wait_until_n6700_voltage_is_in_range,True,scpi,N6775A-WAIT_UNTIL_N6700_VOLTAGE_IS_IN_RANGE,Yes,FAIL,N/A,FAIL,N/A,N/A,FAIL,protocol_trace.jsonl,
Get N6700 Protection Status,Get N6700 Protection Status,get_n6700_protection_status,True,scpi,N6775A-GET_N6700_PROTECTION_STATUS,Yes,FAIL,N/A,FAIL,N/A,N/A,FAIL,protocol_trace.jsonl,
Clear N6700 Protection,Clear N6700 Protection,clear_n6700_protection,True,scpi,N6775A-CLEAR_N6700_PROTECTION,Yes,FAIL,N/A,FAIL,N/A,N/A,FAIL,protocol_trace.jsonl,
Shutdown All N6700 Channels,Shutdown All N6700 Channels,shutdown_all_n6700_channels,True,scpi,N6775A-SHUTDOWN_ALL_N6700_CHANNELS,Yes,FAIL,N/A,FAIL,N/A,N/A,FAIL,protocol_trace.jsonl,
Set N6700 SMU Mode,Set N6700 SMU Mode,set_n6700_smu_mode,False,N/A,,Yes,N/A,N/A,N/A,N/A,N/A,FAIL,tests/conformance/data/exclusions.yaml,"N6775A is a basic power-supply module, not an N678x SMU or electronic-load module. Test case 16 verifies fail-before-transmit behavior."
Get N6700 SMU Mode,Get N6700 SMU Mode,get_n6700_smu_mode,False,N/A,,Yes,N/A,N/A,N/A,N/A,N/A,FAIL,tests/conformance/data/exclusions.yaml,"N6775A is a basic power-supply module, not an N678x SMU or electronic-load module. Test case 16 verifies fail-before-transmit behavior."
Configure N6700 SMU Voltage Priority,Configure N6700 SMU Voltage Priority,configure_n6700_smu_voltage_priority,False,N/A,,Yes,N/A,N/A,N/A,N/A,N/A,FAIL,tests/conformance/data/exclusions.yaml,"N6775A is a basic power-supply module, not an N678x SMU or electronic-load module. Test case 16 verifies fail-before-transmit behavior."
Configure N6700 SMU Current Priority,Configure N6700 SMU Current Priority,configure_n6700_smu_current_priority,False,N/A,,Yes,N/A,N/A,N/A,N/A,N/A,FAIL,tests/conformance/data/exclusions.yaml,"N6775A is a basic power-supply module, not an N678x SMU or electronic-load module. Test case 16 verifies fail-before-transmit behavior."
Set N6700 SMU Output Off Mode,Set N6700 SMU Output Off Mode,set_n6700_smu_output_off_mode,False,N/A,,Yes,N/A,N/A,N/A,N/A,N/A,FAIL,tests/conformance/data/exclusions.yaml,"N6775A is a basic power-supply module, not an N678x SMU or electronic-load module. Test case 16 verifies fail-before-transmit behavior."
Get N6700 SMU Output Off Mode,Get N6700 SMU Output Off Mode,get_n6700_smu_output_off_mode,False,N/A,,Yes,N/A,N/A,N/A,N/A,N/A,FAIL,tests/conformance/data/exclusions.yaml,"N6775A is a basic power-supply module, not an N678x SMU or electronic-load module. Test case 16 verifies fail-before-transmit behavior."
Set N6700 Load Mode,Set N6700 Load Mode,set_n6700_load_mode,False,N/A,,Yes,N/A,N/A,N/A,N/A,N/A,FAIL,tests/conformance/data/exclusions.yaml,"N6775A is a basic power-supply module, not an N678x SMU or electronic-load module. Test case 16 verifies fail-before-transmit behavior."
Get N6700 Load Mode,Get N6700 Load Mode,get_n6700_load_mode,False,N/A,,Yes,N/A,N/A,N/A,N/A,N/A,FAIL,tests/conformance/data/exclusions.yaml,"N6775A is a basic power-supply module, not an N678x SMU or electronic-load module. Test case 16 verifies fail-before-transmit behavior."
Set N6700 Load Level,Set N6700 Load Level,set_n6700_load_level,False,N/A,,Yes,N/A,N/A,N/A,N/A,N/A,FAIL,tests/conformance/data/exclusions.yaml,"N6775A is a basic power-supply module, not an N678x SMU or electronic-load module. Test case 16 verifies fail-before-transmit behavior."
Get N6700 Load Level,Get N6700 Load Level,get_n6700_load_level,False,N/A,,Yes,N/A,N/A,N/A,N/A,N/A,FAIL,tests/conformance/data/exclusions.yaml,"N6775A is a basic power-supply module, not an N678x SMU or electronic-load module. Test case 16 verifies fail-before-transmit behavior."
Set N6700 Load Input,Set N6700 Load Input,set_n6700_load_input,False,N/A,,Yes,N/A,N/A,N/A,N/A,N/A,FAIL,tests/conformance/data/exclusions.yaml,"N6775A is a basic power-supply module, not an N678x SMU or electronic-load module. Test case 16 verifies fail-before-transmit behavior."
Turn On N6700 Load Input,Turn On N6700 Load Input,turn_on_n6700_load_input,False,N/A,,Yes,N/A,N/A,N/A,N/A,N/A,FAIL,tests/conformance/data/exclusions.yaml,"N6775A is a basic power-supply module, not an N678x SMU or electronic-load module. Test case 16 verifies fail-before-transmit behavior."
Turn Off N6700 Load Input,Turn Off N6700 Load Input,turn_off_n6700_load_input,False,N/A,,Yes,N/A,N/A,N/A,N/A,N/A,FAIL,tests/conformance/data/exclusions.yaml,"N6775A is a basic power-supply module, not an N678x SMU or electronic-load module. Test case 16 verifies fail-before-transmit behavior."
Get N6700 Load Input State,Get N6700 Load Input State,get_n6700_load_input_state,False,N/A,,Yes,N/A,N/A,N/A,N/A,N/A,FAIL,tests/conformance/data/exclusions.yaml,"N6775A is a basic power-supply module, not an N678x SMU or electronic-load module. Test case 16 verifies fail-before-transmit behavior."
Configure N6700 Load CC,Configure N6700 Load CC,configure_n6700_load_cc,False,N/A,,Yes,N/A,N/A,N/A,N/A,N/A,FAIL,tests/conformance/data/exclusions.yaml,"N6775A is a basic power-supply module, not an N678x SMU or electronic-load module. Test case 16 verifies fail-before-transmit behavior."
